"username251	None	b5068f2d-7265-47b5-a471-7e1ca4be6b64"
"username252	None	cd3d02e9-17c6-4e82-b7e9-cdb2ff821702"
"username253	None	0c658822-635f-42f6-a7c8-41ef0366bf29"
"username254	None	adc1d1e6-4b86-48b2-aa4a-ed4a5bf2b525"
"username255	None	9f4786e4-7cb6-47fa-b3c8-2f0667117ea9"
"username256	None	8a93b28b-0783-49a7-bf7d-0ed94194d037"
"username257	None	4075fc9e-30aa-4da6-8584-2f5a24b75c8a"
"username258	None	6aafb006-a3bb-4d1a-95a4-39cb121460d6"
"username259	None	7e11c226-796a-4acc-9034-c5992a86cf3c"
"username260	None	c2546fb9-abeb-482c-b3b5-960359e67203"
"username261	None	7e2f044d-17e2-49ef-af73-5c7c0fa97dce"
"username262	None	62c5ec8a-f034-4a97-9f9a-1c553f336d9c"
"username263	None	29055333-7b3a-4d37-b3e7-fab168f283cd"
"username264	None	71f359b4-cdca-400c-9807-b99b6267d766"
"username265	None	8fdd99e3-2495-4cd7-9743-c570df7b8fec"
"username266	None	3bdb11ff-56fb-4844-8f9b-b9c61f857731"
"username267	None	1d2407ff-9f13-4a62-a92a-b2049a98f218"
"username268	None	d63be8a1-6024-4464-abfd-b1f80a561d20"
"username269	None	a1488817-5e35-4d56-8623-894c4d6b26fd"
"username270	None	727ef4ad-ceb2-4531-8795-044d8fdab2b7"
"username271	None	f0211c5f-116c-4eec-b8b5-1a8b53f37983"
"username272	None	f20da2d6-0196-43e3-8ae5-51ecb94cbf73"
"username273	None	9211e748-7aa1-4f9e-80e5-22b75884bb23"
"username274	None	4d0b7404-91b2-4c18-bdc9-d26effa2483f"
"username275	None	a9ab939e-7fa0-4721-93ca-44f6ae00e1ac"
"username276	None	ce561434-4193-4763-aec4-25951b1eb411"
"username277	None	7e35957f-5af6-4b3a-9c73-800e8cfc3275"
"username278	None	1b36593f-cc67-4cef-91ba-878125d217fa"
"username279	None	d6ec213d-f4c0-4bf1-9806-596f09c29f39"
"username280	None	52b84eab-41ff-4d29-8b65-40126312834d"
"username281	None	cc559621-7880-424e-9029-9c68a065ecf6"
"username282	None	6354523b-07cd-499c-969e-2d3e388b8f8d"
"username283	None	7f3b91ad-2f1d-408a-ab77-79426db7c994"
"username284	None	e1b79265-4600-49e6-8a59-3ff96ab4aabc"
"username285	None	06e2ee7b-b373-4555-8676-0d1dacd2d244"
"username286	None	9585652f-040f-456d-af9a-e83cc0911887"
"username287	None	7a11bba5-e213-4b84-ab73-b8949b4a3cf9"
"username288	None	bcade126-d199-4526-ab67-75fa6465c27f"
"username289	None	824a4129-9400-4017-aa8e-388ad523eb9d"
"username290	None	207aa862-d84c-452d-b690-b7716aeb59b1"
"username291	None	1c34f9d9-e0e8-42f9-b2a8-58b0c6e1c53a"
"username292	None	521eb893-830e-4264-83aa-9bd0aee990aa"
"username293	None	c77debcc-a40c-4e8a-b41e-fb6ae628c5dd"
"username294	None	58b434e5-67a4-4cf9-a515-8c97101e0f9e"
"username295	None	a79b08ce-a5e7-40f0-8f21-fc6260ce885f"
"username296	None	db88254e-88bc-42fc-818b-a07678ac0413"
"username297	None	088f420a-4546-45a8-b2bf-16961d755da7"
"username298	None	21cd5e47-f48c-4a23-b65b-3bfc6d2b5750"
"username299	None	4a75710d-3cc5-4788-b0c9-947a1c4f3cee"
"username300	None	9bc5a603-6d3f-4432-b873-7db78ebdb694"
"username301	None	f2dcce1b-204f-427e-ae77-88c490ebd1a6"
