load1	None	86282b34-d21f-44ea-8d6a-4b11a5c08e70
load88	None	8d61b1eb-74b8-4064-b04d-e600177abbe8
load99	None	32ad71a8-8045-4453-aa45-676bb5ace443
loadtestuser	None	614ec860-928a-49b2-b93f-7d680cbfc952
local_test	None	0aacc82a-386f-4f0c-b9e7-712ebac7b760
portaluser1	None	60ca0ae7-2a6e-40f3-ab0e-57a3b2afd792
portaluser	None	ac195124-1425-4567-a2ed-05232c59f9e6
testload	None	033c9944-8514-44ee-9fdb-3f5da4934a1f
testuser	None	778202b1-fdc6-4247-a5b1-5cda6b880e9f
usanadhya	None	2c618a3a-3964-4649-af1d-efb420224dd3
username101	None	31b9961c-2ac9-45c9-815b-50d388afcce5
username102	None	76652242-ffca-4d0d-89fa-ebd7b2bdc5ba
username103	None	ded37bf6-2f86-400d-baa0-c033cb1ffc7e
username104	None	ad787b8b-f36f-4567-bd17-38e0ea4ff2dc
username105	None	b19b4ba0-7f0c-4b99-9f40-3bee5f4a4d77
username106	None	2d802088-de83-46e2-b090-27008b92ffda
username107	None	b7fc8b2b-245e-4da1-afd6-c597aa19e61f
username108	None	fc93e81a-b79f-4d57-a81b-c0874928a0dd
username109	None	fcaa18e0-9f38-4a53-b98f-bf39d133b05f
username110	None	231b39af-f947-4e55-9c7a-9f5b36a96ef0
username1111	None	4d28231b-bf9e-4e37-a64d-9dc4a625474d
username111	None	57da1250-8afd-427a-afd2-bc69b4f74e7f
username112	None	6783af3b-c41c-4658-a197-a316dff2a7ac
username113	None	40732a69-9611-4ea8-a65c-65888c40992c
username114	None	090dd8ce-115e-42e1-94aa-81031ee0549e
username115	None	8fbf23b3-c3c0-4c00-8327-f7f0604d8538
username116	None	06507ae6-4f87-4099-8000-76772e4b1ffe
username117	None	6a49f451-fd1a-458a-8d0d-b7c0e20c8e8e
username118	None	6ad4c64a-520c-48a2-9104-7f8d280a9528
username119	None	d398c70a-59d7-4d83-a9da-370706cd9a71
username120	None	c4452590-cce1-4e8a-ad19-b101c09587e7
username121	None	7a80c74a-fac9-4e50-963a-7f0f9c0b02cc
username122	None	2306dd0f-b1ee-4f28-bce6-b3e8d29d8d7e
username123	None	77366ba5-d122-40ad-b885-18c1290e86b3
username124	None	f973e171-7548-4259-99b3-8ae0f46092b3
username125	None	c6f90117-3b6f-443b-8503-3b1a33f2bd07
username126	None	db8d642a-eeed-4f09-a9b2-c1c654021da9
username127	None	f33dc0fc-a219-4bc3-949d-7b6615f036d3
username128	None	585da508-99f6-4488-9505-91a56393934c
username129	None	2c3bfd51-8e3f-4b9a-98fb-e7901b810690
username130	None	5222de04-45c3-4fce-bde9-ba6be6abf50b
username131	None	f9641c5c-e451-4712-bcd9-b84a408544cb
username132	None	79b470a7-cb32-45ee-9870-22f12395b0ab
username133	None	c07a9404-921a-4386-906d-ca410ba5b5bb
username134	None	75b68327-2833-48b0-8d5e-7f5495135e97
username135	None	70312b62-e70e-4959-b8ab-08ee5cbb6ad2
username136	None	c837a553-c346-4a18-8765-17dd803bf883
username137	None	bb9dff78-9da9-42c1-96de-aab9ff738595
username138	None	4eb47eb7-171d-435f-904e-f632d13b73c3
username139	None	df00dece-6a34-448f-ade7-ce11c7c4115c
username140	None	7a51d0dc-0070-495f-818d-294edc8fea5e
username141	None	0ce9deb4-c220-43e1-abb9-9031b09398d5
username142	None	dc5f6f57-76c8-4d11-a9ed-45a6ab44fba0
username143	None	1b50dbe0-ee94-4cd1-9ff0-a09ac69fad7d
username144	None	720ec54f-df73-47d7-b17c-62318f5a1c9e
username145	None	29eade87-7ba1-456f-87b6-b15ade1abeb3
username146	None	b68b094d-2e86-4921-8d7c-c4243be9bd6e
username147	None	9a63a3e1-3f8b-4556-9ea9-98b35e6c9522
username148	None	02adb066-4497-4b7e-bf4d-6a0f585d579e
username149	None	09c4f696-39c3-4a37-985c-848e8fc0c4b9
username150	None	512e076e-6548-4bd5-b221-16eba494e8ca
username151	None	57a7691e-6d05-449f-82bb-ab45ec8a85d6
username152	None	a1158703-dd0f-468a-aa39-9c0e77ff4055
username153	None	62bcc1de-0520-4091-851f-4b833bd54398
username154	None	3c072125-17b2-4419-a044-8696b6c84ab3
username155	None	0249b79e-3373-4be1-bb70-0da86d2ca9aa
username156	None	dd6bf699-15ca-464a-b86d-35356593c011
username157	None	9d05995d-a10a-460c-b5cf-b6acffbdd24c
username159	None	38c0ab09-de08-4082-a7ef-54857b65d196
username160	None	72b3b77d-80cd-4317-9152-71db67459cdd
username161	None	8a308832-ca84-4ff8-aa75-c62c0b579c04
username162	None	ae07e7a7-6849-44e3-ba37-80060b86945e
username163	None	3a0434a6-1035-481d-bcd9-1853097f79ef
username164	None	feef60a8-cbd6-4df1-9ef0-38e136e7a36b
username165	None	c52a252e-0847-4b02-be78-c180ac11c385
username166	None	efca4e34-34f3-46f0-866c-b0d7bd290a57
username167	None	d9b47661-d26f-4e65-82d7-a2711f8a808e
username168	None	6ce437d1-7fc9-46bd-b214-646fb8dda427
username169	None	c2b709c6-81f0-48b8-8066-7911b2abade1
username170	None	d814869a-5b34-4fb4-9d6d-9d04f5238044
username171	None	b7b4d091-ef50-452c-aad7-e32e08be5fab
username172	None	74ddf908-17fc-474b-9484-4a870ce59eed
username173	None	0f5733c0-6e9d-4a97-ab54-84d69a41a1ac
username174	None	969e26c3-27d8-447d-a38c-9b6ca2412298
username175	None	5a8cba39-ac12-496f-b841-24e7d34d7c2c
username176	None	3f6ffad5-b002-4cce-a039-2bed62dbe918
username177	None	8b07fd60-dc48-40e5-bb52-ccd55e2c1bf2
username178	None	24420c6f-0c81-4928-99b3-d3771f9dfd19
username179	None	81380cf7-f04a-4a7f-91d4-684cb8dda333
username180	None	6ecebdd5-e0ec-4b23-abb6-7c75d6f67145
username181	None	f66763cf-7e3e-4304-a846-5dc1aa91d3c2
username182	None	c320b21a-c321-444d-ba68-9bb2d3acceaa
username183	None	d5f8659c-10d3-4e1f-85ae-2efc8b4741c0
username184	None	0a9f444a-6367-4be9-8dc7-39e584263ea1
username185	None	574854fa-117d-43b3-883b-d6acb5f92a12
username186	None	d4ad1c50-7760-4684-a93b-8a42e2e3ee93
username187	None	8e8ba3f6-7a62-4f68-ad03-7bf6b35dee80
username188	None	782fdbf5-8324-448e-a5c8-5cc2cd1c1988
username189	None	e555b1b2-e070-4f55-a72a-95d4ca7afccb
username190	None	f3203197-e1cb-4dfb-be9f-691280868827
username191	None	8d0a9197-2e18-4ce5-997e-a4ff9add3750
username192	None	9306366f-1caf-4972-a5ba-bbffcd3ba746
username193	None	b9956ba4-1328-4bcb-88de-4fa6f7dab6aa
username194	None	7c9cd01f-27cf-460e-be54-49bbdefe1a8a
username195	None	8ef598a7-55a6-4a7b-bd5c-560bcb1f4bc2
username196	None	172b00d2-b6d6-428b-82b2-cba4174c3455
username197	None	b04af2d3-5dc3-4b24-9228-562831a40399
username198	None	c4825813-e906-4b7b-9fbd-f720f13ea239
username199	None	86d3afe4-6895-47f0-8bb6-2ea8cc2bde40
username200	None	d84e3979-043d-44fb-b4ea-98aaf4f6df3a
username201	None	25bc2c38-efde-4d64-bd47-9f7910d4852d
username202	None	0bb445cf-6109-4755-8a7f-7399fad813f2
username203	None	912e8fbe-8d5c-4e42-8269-3ed1a75e2141
username204	None	491a73d2-9d1f-4a9d-95b4-044006506310
username205	None	314a62c6-7a87-4e2b-b3cf-8733d60e8603
username206	None	7d924882-990d-4b94-a9c0-7c0e2893a19d
username207	None	af38b70c-8f06-4a19-bc4a-a5ada1dc13a4
username208	None	204d8669-2ebc-4943-82ad-aef579d06d5b
username209	None	546e581c-7b0d-4f39-99df-39d2566552d8
username210	None	9a854eaf-940d-4a11-9e64-e571a094823b
username211	None	08b383a7-3e9a-4f4f-9bd2-6a0dde7f4912
username212	None	fdc157ab-2195-48a7-9787-4340fee0bc50
username213	None	41479e14-d1c3-419e-849c-0006ea58f034
username214	None	f91266ce-65fc-4c94-9f52-59842091de88
username215	None	f028360d-53d7-459f-82bd-18caf488cea7
username216	None	ad1d21f2-511a-43af-a49e-61b570d751b5
username217	None	8c275866-0909-488e-93dc-cabdda45043a
username218	None	6c75c975-a4f3-4028-99eb-ae2deaa20686
username219	None	1cb44b6e-796c-4d4f-b336-70b3bcd1339e
username21	None	b6821fb6-1182-4b70-ab22-dd9fd0962329
username220	None	6c0d7e3e-f409-40b6-bae8-c11fa34f9c48
username221	None	06faf011-0ad0-4b53-ba0d-c6f269ff2bc6
username222	None	40b4a90f-83b1-4611-bffd-4474e55d2637
username223	None	edff12da-5767-4d46-922e-4a5306bbda5d
username224	None	31f4a5a5-9530-4506-8ee8-a3ec4d460974
username225	None	a9524919-d444-4fcd-a32b-caa808ea74e7
username226	None	9908a20d-a7f3-4ec8-a56f-482c93c8101f
username227	None	429e5930-bcef-47fc-a2a4-0c1ddec2a091
username228	None	fedced68-d301-439d-8a0a-c364c171dfa5
username229	None	099c9c2a-5f10-46ec-b0f4-cdac7f2ee37b
username22	None	77504681-da94-4ca5-873d-b62ee98008af
username230	None	e7a33dfc-105e-461b-876d-8c1b8b69c34a
username231	None	17dc9c1b-2638-4d34-94f1-fcb92c663d1e
username232	None	e1cf2882-b1db-4abb-bfb6-ead840f625ea
username233	None	feb5aef8-5a7a-4583-aea8-462b56a51fe6
username234	None	c19e1d24-08b7-4d1a-8f3d-40a41c2c0567
username235	None	7170fbbc-8930-40b8-a8d2-144dcb611091
username236	None	3219d796-f2e8-4b29-b930-44105c81f2f9
username237	None	0a2bc8ff-5d3f-4c7b-9d44-5689985b5e56
username238	None	9e9dd2f4-de05-47f6-99bf-52aba05fcb4d
username239	None	70b6208c-0d40-4960-b64c-828098db6c5e
username23	None	be5586d5-58ca-42fc-82dd-3cebad2ba41d
username240	None	c7d67e0c-1a39-4218-80d1-861c52373be3
username241	None	2c76c989-0c9d-4003-86a8-49852760daa0
username242	None	c64231cd-38cc-4fd5-8464-539230ada964
username243	None	7d529f32-75e0-4e7c-9ebe-631f86c2f7ee
username244	None	5f8124ab-e095-4777-b03b-276a80f00318
username245	None	3b86a1af-da77-4f7a-9015-c81cbfa2ebab
username246	None	0284c77a-c19c-46b9-bac7-15d85ad8fcfe
username247	None	3c2f9e04-eda4-4626-a4f1-f721bb577423
username248	None	431f1b95-1a20-4abe-b943-0c94b0f0b296
username249	None	73fb434c-04cb-48d9-994e-c29cd6d537ca
username24	None	8338e380-0a9f-4a27-9d12-82b1820340d7
username250	None	11bbd2dd-f29f-461b-905c-dbbc5e2d45f6
username251	None	b5068f2d-7265-47b5-a471-7e1ca4be6b64
username252	None	cd3d02e9-17c6-4e82-b7e9-cdb2ff821702
username253	None	0c658822-635f-42f6-a7c8-41ef0366bf29
username254	None	adc1d1e6-4b86-48b2-aa4a-ed4a5bf2b525
username255	None	9f4786e4-7cb6-47fa-b3c8-2f0667117ea9
username256	None	8a93b28b-0783-49a7-bf7d-0ed94194d037
username257	None	4075fc9e-30aa-4da6-8584-2f5a24b75c8a
username258	None	6aafb006-a3bb-4d1a-95a4-39cb121460d6
username259	None	7e11c226-796a-4acc-9034-c5992a86cf3c
username25	None	a09f0bd4-17e1-4157-b62d-b7f17fffc6a7
username260	None	c2546fb9-abeb-482c-b3b5-960359e67203
username261	None	7e2f044d-17e2-49ef-af73-5c7c0fa97dce
username262	None	62c5ec8a-f034-4a97-9f9a-1c553f336d9c
username263	None	29055333-7b3a-4d37-b3e7-fab168f283cd
username264	None	71f359b4-cdca-400c-9807-b99b6267d766
username265	None	8fdd99e3-2495-4cd7-9743-c570df7b8fec
username266	None	3bdb11ff-56fb-4844-8f9b-b9c61f857731
username267	None	1d2407ff-9f13-4a62-a92a-b2049a98f218
username268	None	d63be8a1-6024-4464-abfd-b1f80a561d20
username269	None	a1488817-5e35-4d56-8623-894c4d6b26fd
username270	None	727ef4ad-ceb2-4531-8795-044d8fdab2b7
username271	None	f0211c5f-116c-4eec-b8b5-1a8b53f37983
username272	None	f20da2d6-0196-43e3-8ae5-51ecb94cbf73
username273	None	9211e748-7aa1-4f9e-80e5-22b75884bb23
username274	None	4d0b7404-91b2-4c18-bdc9-d26effa2483f
username275	None	a9ab939e-7fa0-4721-93ca-44f6ae00e1ac
username276	None	ce561434-4193-4763-aec4-25951b1eb411
username277	None	7e35957f-5af6-4b3a-9c73-800e8cfc3275
username278	None	1b36593f-cc67-4cef-91ba-878125d217fa
username279	None	d6ec213d-f4c0-4bf1-9806-596f09c29f39
username280	None	52b84eab-41ff-4d29-8b65-40126312834d
username281	None	cc559621-7880-424e-9029-9c68a065ecf6
username282	None	6354523b-07cd-499c-969e-2d3e388b8f8d
username283	None	7f3b91ad-2f1d-408a-ab77-79426db7c994
username284	None	e1b79265-4600-49e6-8a59-3ff96ab4aabc
username285	None	06e2ee7b-b373-4555-8676-0d1dacd2d244
username286	None	9585652f-040f-456d-af9a-e83cc0911887
username287	None	7a11bba5-e213-4b84-ab73-b8949b4a3cf9
username288	None	bcade126-d199-4526-ab67-75fa6465c27f
username289	None	824a4129-9400-4017-aa8e-388ad523eb9d
username28	None	96ccf5a6-95c9-4677-9530-7c5cd892c6ce
username290	None	207aa862-d84c-452d-b690-b7716aeb59b1
username291	None	1c34f9d9-e0e8-42f9-b2a8-58b0c6e1c53a
username292	None	521eb893-830e-4264-83aa-9bd0aee990aa
username293	None	c77debcc-a40c-4e8a-b41e-fb6ae628c5dd
username294	None	58b434e5-67a4-4cf9-a515-8c97101e0f9e
username295	None	a79b08ce-a5e7-40f0-8f21-fc6260ce885f
username296	None	db88254e-88bc-42fc-818b-a07678ac0413
username297	None	088f420a-4546-45a8-b2bf-16961d755da7
username298	None	21cd5e47-f48c-4a23-b65b-3bfc6d2b5750
username299	None	4a75710d-3cc5-4788-b0c9-947a1c4f3cee
username300	None	9bc5a603-6d3f-4432-b873-7db78ebdb694
username301	None	f2dcce1b-204f-427e-ae77-88c490ebd1a6
username302	None	13cf998c-13b8-4cca-a47a-aaf5ae8cb1db
username303	None	b359a90d-b176-4655-858a-cfeda9092e96
username304	None	bbd423be-f648-472b-908e-4a9475534af6
username305	None	6bcaf482-06e8-47b3-98e1-23835c8d01f0
username306	None	8eda772d-607e-461a-9e1b-89c139c759b8
username307	None	d20c2bf2-1998-496f-b69f-b35f46ca6f34
username308	None	dabf425b-d25a-4afe-8a45-947e13fc627d
username309	None	5bd4d311-1dc7-4bc3-9ec6-28a4274b0729
username310	None	6a660992-5a2b-403f-bf78-fc70b68adeb5
username311	None	24e786a7-a092-4d33-91a1-c2d5cf9605f9
username312	None	a30fa8b6-4e56-4559-9bda-d6c7df56f990
username313	None	bd9fc3b6-57f1-4364-ad14-4075a51730ab
username314	None	1493169e-881e-445f-ab5c-1c26521deef2
username315	None	29675e2f-ab8a-4cc0-ab48-013967049285
username316	None	80d6fc59-a95f-47c8-8993-0073c00e7d5b
username317	None	688f2fd3-3c41-4b00-b2cf-d56124698dd2
username318	None	a211272a-6e46-412f-8c0a-f88f56bd8acc
username319	None	0e9c258d-37c5-4c08-9eeb-e2516e8a1367
username320	None	6985a1c6-2fd8-4e5e-9b62-311ba7d0cbf7
username321	None	4c34107c-29b1-4ce7-a670-3b87ddd2dfca
username322	None	df4b3f11-a1eb-428e-8c40-fecba23ba913
username323	None	e76ee580-ce10-4056-95e4-cf88bce15465
username324	None	6e47f716-36f2-4873-afd8-25014253d7af
username325	None	78268d63-d462-40f9-bbf2-093219f60aa7
username326	None	56680003-6550-4af3-9a2e-862144cde229
username327	None	e786e9c1-8b35-40ca-8f6b-be1b17882a59
username328	None	4e804025-6f79-4ed8-9529-6e131a1165c8
username329	None	181e8a17-e0be-4862-ae8d-4b088daa6a8a
username330	None	91faeee7-6509-44fc-8f06-edd4abebe1a5
username331	None	cf82f649-a229-4fb3-b8ce-95b47b98b930
username332	None	8a47404e-9d56-40aa-aa03-1d5957dda09d
username333	None	33175588-80b6-4a62-af7b-1a282c0c5a1d
username334	None	d4d1cab8-db89-46b6-892e-629440053f92
username335	None	528bf978-ae6f-4d9f-919e-79aafaa4a5e0
username336	None	4a26d4a0-080d-450a-b099-7993199d72db
username337	None	59f371a6-510d-4c88-8fcd-e49d956869ea
username338	None	94b1d3e2-2596-406c-8493-32bf56ff78d8
username339	None	649324da-ec07-4486-b919-dd8f24822723
username340	None	1c96eaa3-8dd1-43e8-89a0-d2c71a010e88
username341	None	02a1da16-9e0d-4b81-bc31-fa59e2068145
username342	None	ff80e265-84c2-4a1c-948f-53f35e7f6ef1
username343	None	ab174bcc-1eb1-40f6-ac0c-919fb8ccc981
username344	None	63431aee-4119-4e56-b402-602bcab5301a
username345	None	abeebf0a-902d-4019-8a70-cd3a2ae08c7e
username346	None	fb9ad811-a9a5-4290-b130-81edc6b1d9bb
username347	None	9c6589e4-2a94-471c-b441-f603addedd2b
username348	None	d58cad01-44fe-40d0-89c9-a8a89d212d44
username349	None	ad2e521d-6d03-4c48-a9be-6b6a62689c54
username34	None	051a9b09-1d5f-4341-b020-7747c2ca554a
username350	None	f985eeb9-afe6-4009-832b-b61b8cfaca08
username351	None	17af71f7-45b2-4d55-aaa4-286e17c515f5
username352	None	e7c27d56-cbec-4018-ab98-c65d5409bbad
username353	None	0fd3c43c-095c-4869-b8b5-17eec2424be4
username354	None	e351d810-248d-40a8-a8aa-b155e58d807b
username355	None	fa4aeddb-a38a-4818-9d9a-1bac55125ae8
username356	None	8106faa5-4197-4bb4-8caf-0d72752c10ec
username357	None	20fd7fd4-97ad-47bd-ac28-45950c86e7d7
username358	None	51b16d92-03fd-46f4-987f-a85641c9735d
username359	None	5b9c61ef-9acc-4027-8fd2-d4d2a3571ec3
username360	None	1c423a81-2b2f-46b6-aeae-f16225c44488
username361	None	3397b4df-b656-4ac7-aa91-a6b1b812269f
username362	None	19cf06f2-e58b-4b92-a067-8ed57df27229
username363	None	24630243-21f7-4a12-ac68-f0c0584f5d50
username364	None	da47594f-e2f8-4bb1-96ac-5b27098b251a
username365	None	0c8c50cf-25a3-4220-b789-3dfe4512dc14
username366	None	cd332acc-97d0-4396-b985-1c3704ecd4f8
username367	None	5c6bb58a-384a-4487-a29f-71e32c849534
username368	None	3deabcac-bbaa-49ac-b492-d6943c56a732
username369	None	55b4d700-f299-4ec3-8561-e5b8edb9b39a
username370	None	af58d7f4-3d90-4bf3-821f-be42281e3fd3
username371	None	86278be2-826a-4f34-9fd4-7ecd4def1b34
username372	None	60586faf-c9c5-4d97-b59f-931908a23bba
username373	None	6662435d-db9f-4131-b231-08a8d6dc58e4
username374	None	a0f75b09-4119-4c69-a5d3-ec3cfa100cfa
username375	None	fb5e6efb-1ffe-4ee6-a197-17c956535685
username376	None	c5bf4494-a6eb-483c-b841-6200ead60b1f
username377	None	7da24a21-7e59-4b8c-84cb-adf2592832e9
username378	None	764cec1d-fad2-480e-8125-dfc82e0f32f4
username379	None	28555bd1-2459-44d3-b856-14b30b2ee636
username380	None	3763b0b7-304a-4f69-8260-0de6e1858330
username381	None	9c220944-069d-4beb-b924-24d8e33f5227
username382	None	006d2854-ab77-4c7d-b391-5909b29c7db0
username383	None	4f6e6aea-98ea-466c-a78b-43150b822d43
username384	None	c751e4fa-2999-4f10-8014-6ae1cbb22d48
username385	None	885668bc-bbcd-42de-ae53-74d8482b1e60
username386	None	671e4a76-3360-479d-aeef-44729600f2b6
username387	None	8ce98e84-d5cf-49f0-bc78-37a1890f8491
username388	None	f7f53fb2-582b-40d5-9e82-728fed331299
username389	None	5fee23fa-c381-4c30-8f14-a9da607e2546
username390	None	498230dd-0f92-4e59-9e95-46758aa6432f
username391	None	fe485d64-3fa6-4fdb-85c5-b2a9bd9290f9
username392	None	44728e2d-7b71-4e58-a198-b66eb17f8fed
username393	None	534f4520-d9ca-403f-b2ed-7c39a03fb7eb
username394	None	b86bbf3b-9303-471c-a1dc-115341d34abc
username395	None	9d128826-4311-4102-af25-93f2b8aa0ef8
username396	None	32875054-f466-47dc-8558-80f8021a2111
username397	None	f6e3c748-c236-48c9-a540-9eaa0a8425d0
username398	None	964d034d-41e6-4e9a-bf09-a0d66f3b601d
username399	None	2b9d70d8-9fa0-44ff-99d5-c9c349d9c8ae
username400	None	78e4d710-8d86-4a83-8a6f-ff2abdc5a970
username401	None	d9802864-60ab-4a3a-94ef-fa91c90e6595
username402	None	340b0582-67ae-4a39-a22c-624294640c91
username403	None	b361527c-5935-42f1-9818-cfdbaf78439f
username404	None	c99a7039-e0d7-4343-9920-43f7c1221dc6
username405	None	7fc2ceba-f460-4ae4-a7f7-c75608a8853c
username406	None	535579bd-3952-4186-984a-73c3e5a62caf
username407	None	880fc622-b6cc-4c37-885e-7d37203c9343
username408	None	624f151b-ca0e-4176-9dc8-3397b62bc2f1
username409	None	2f203e85-e79c-4c72-b7d1-be92a8ed4ad1
username410	None	951bceb3-4d2f-47b4-ad97-6e511246bc3a
username411	None	b68f4be4-2e73-403e-82ea-a03c6a7b4aec
username412	None	04f55667-ecbd-4f7f-a35a-8428b86097a6
username413	None	bd82eb89-4afb-4307-8e5c-06664192c12b
username414	None	d6f5192b-1302-428f-9869-b7aaf94bc6c9
username415	None	c592b7d9-1979-4227-930c-03b89ecf54e4
username416	None	03721159-66b9-4631-aaf2-dfe2acfb7494
username417	None	8e8fc189-6cff-486a-923b-0c35d39a69d9
username418	None	0c886fdf-916a-4ad5-bae9-3420f49bed14
username419	None	baa4c8a4-f23a-4708-b063-4af4dde5fc58
username420	None	383177b1-7b7c-44e7-a0fa-e3ef126dd565
username421	None	17f04082-38a3-4317-a9bb-c32714c87e63
username422	None	baa57a32-3e24-4a14-8443-0af51c22c417
username423	None	d65f3acc-c46b-48b8-a799-c59a12db0eef
username424	None	dd807b8d-4b9e-4abd-b5b9-91f7669d53e8
username425	None	f85c7ef9-7020-4513-ac1f-e221564d3037
username426	None	dd9f1168-ae42-4beb-b6e0-8fffa154393c
username427	None	0459df6d-2699-4224-8014-baf710687406
username428	None	8f1df2d1-6548-4a62-8111-5fd182e495b5
username429	None	6dcfab21-9b1e-47d2-8a29-e085a8dd769d
username430	None	04872d78-c474-4584-9f08-ea2fc570f0b4
username431	None	8e8a029c-059e-4752-b346-18200780cf7c
username432	None	99107d39-4039-4ba1-8679-fb2ab2a378f1
username433	None	e490d8c5-b953-490f-96f7-be8a77f44c11
username434	None	768d43d6-a7ee-4621-86e9-3ad2d1d44ec7
username435	None	227dd996-7983-4c53-88a0-e693fd131b08
username436	None	76f5b600-32bc-4f16-96ab-fe43f64979f0
username437	None	2832031e-2d5c-49f5-acfc-efe5ed0e5afd
username438	None	3c0949eb-9989-4bf1-9042-657a73538c78
username439	None	89e5c91e-70be-48b8-a4c0-b6d779a93d72
username440	None	a50f0c13-ab0b-40d8-a8be-1c4cd32f4fea
username441	None	2bd4b7c8-3c45-405b-97db-b3b952fad965
username442	None	d994bcfd-015c-4aee-9d05-fb1da07b3868
username443	None	e757f82c-5b62-4741-a491-b7e238edd53e
username444	None	467bb640-3c69-41ff-a548-b677297e6335
username445	None	9efca496-9b4e-4073-a588-f81787f40987
username446	None	2394bc87-2ec4-4138-a958-6fe99462012a
username447	None	5da1764b-20e5-40aa-907e-9df8a1648099
username448	None	6bb30bd2-fb89-4c4b-a179-e52e329169a4
username449	None	bb7891d0-43cb-46c9-9a8c-3e717fc4edf6
username450	None	0fc91976-2055-49b7-9232-0f005727302e
username48	None	c67a2436-5180-4fec-a31b-7c28fcce0b45
username50	None	839ef5b7-a1ba-4452-a451-674de16b114f
username780	None	514f2f21-013a-43b9-97c4-02b6b6fcc7a5
